{
  "Cincinnati Bengals": "assets/logos/tsdb/cincinnati-bengals",
  "Fc K\u00f6ln": "assets/logos/tsdb/fc-k\u00f6ln",
  "Anaheim Ducks": "assets/logos/tsdb/anaheim-ducks",
  "Chicago Cubs": "assets/logos/tsdb/chicago-cubs",
  "Hawick": "assets/logos/tsdb/hawick",
  "Buffalo Bills": "assets/logos/tsdb/buffalo-bills",
  "Bournemouth": "assets/logos/tsdb/bournemouth",
  "Arsenal": "assets/logos/tsdb/arsenal",
  "Middlesbrough": "assets/logos/tsdb/middlesbrough",
  "Burnley": "assets/logos/tsdb/burnley",
  "Ipswich Town": "assets/logos/tsdb/ipswich-town",
  "Jed Forest": "assets/logos/tsdb/jed-forest",
  "Girona": "assets/logos/tsdb/girona",
  "Fulham": "assets/logos/tsdb/fulham",
  "Bologna": "assets/logos/tsdb/bologna",
  "Lorient": "assets/logos/tsdb/lorient",
  "Marr": "assets/logos/tsdb/marr",
  "Dc United": "assets/logos/tsdb/dc-united",
  "Calgary Flames": "assets/logos/tsdb/calgary-flames",
  "Atalanta": "assets/logos/tsdb/atalanta",
  "Dallas Stars": "assets/logos/tsdb/dallas-stars",
  "Chicago Bears": "assets/logos/tsdb/chicago-bears",
  "Columbus Crew": "assets/logos/tsdb/columbus-crew",
  "Genoa": "assets/logos/tsdb/genoa",
  "Charlton Athletic": "assets/logos/tsdb/charlton-athletic",
  "Eintracht Frankfurt": "assets/logos/tsdb/eintracht-frankfurt",
  "Edinburgh Academicals": "assets/logos/tsdb/edinburgh-academicals",
  "Deportivo Alav\u00e9s": "assets/logos/tsdb/deportivo-alav\u00e9s",
  "Currie": "assets/logos/tsdb/currie",
  "Chicago Bulls": "assets/logos/tsdb/chicago-bulls",
  "Carolina Hurricanes": "assets/logos/tsdb/carolina-hurricanes",
  "Charlotte Hornets": "assets/logos/tsdb/charlotte-hornets",
  "Bayer Leverkusen": "assets/logos/tsdb/bayer-leverkusen",
  "Athletic Bilbao": "assets/logos/tsdb/athletic-bilbao",
  "Atl\u00e9tico Madrid": "assets/logos/tsdb/atl\u00e9tico-madrid",
  "Borussia M\u00f6nchengladbach": "assets/logos/tsdb/borussia-m\u00f6nchengladbach",
  "Lens": "assets/logos/tsdb/lens",
  "Atlanta Falcons": "assets/logos/tsdb/atlanta-falcons",
  "Columbus Blue Jackets": "assets/logos/tsdb/columbus-blue-jackets",
  "Bristol City": "assets/logos/tsdb/bristol-city",
  "Cremonese": "assets/logos/tsdb/cremonese",
  "Ac Milan": "assets/logos/tsdb/ac-milan",
  "Aston Villa": "assets/logos/tsdb/aston-villa",
  "Elche": "assets/logos/tsdb/elche",
  "Carolina Panthers": "assets/logos/tsdb/carolina-panthers",
  "Cincinnati Reds": "assets/logos/tsdb/cincinnati-reds",
  "Heriots Rugby Club": "assets/logos/tsdb/heriots-rugby-club",
  "Chicago White Sox": "assets/logos/tsdb/chicago-white-sox",
  "Dallas Cowboys": "assets/logos/tsdb/dallas-cowboys",
  "Cleveland Guardians": "assets/logos/tsdb/cleveland-guardians",
  "Cleveland Cavaliers": "assets/logos/tsdb/cleveland-cavaliers",
  "Colorado Rockies": "assets/logos/tsdb/colorado-rockies",
  "Detroit Red Wings": "assets/logos/tsdb/detroit-red-wings",
  "Arizona Diamondbacks": "assets/logos/tsdb/arizona-diamondbacks",
  "Fc Cincinnati": "assets/logos/tsdb/fc-cincinnati",
  "Baltimore Orioles": "assets/logos/tsdb/baltimore-orioles",
  "Musselburgh": "assets/logos/tsdb/musselburgh",
  "Selkirk": "assets/logos/tsdb/selkirk",
  "Bayern Munich": "assets/logos/tsdb/bayern-munich",
  "Charlotte Fc": "assets/logos/tsdb/charlotte-fc",
  "Buffalo Sabres": "assets/logos/tsdb/buffalo-sabres",
  "Athletics": "assets/logos/tsdb/athletics",
  "Cf Montr\u00e9al": "assets/logos/tsdb/cf-montr\u00e9al",
  "Hellas Verona": "assets/logos/tsdb/hellas-verona",
  "Dallas Mavericks": "assets/logos/tsdb/dallas-mavericks",
  "Hamburg": "assets/logos/tsdb/hamburg",
  "Inter Milan": "assets/logos/tsdb/inter-milan",
  "Borussia Dortmund": "assets/logos/tsdb/borussia-dortmund",
  "Coventry City": "assets/logos/tsdb/coventry-city",
  "Angers": "assets/logos/tsdb/angers",
  "Lyon": "assets/logos/tsdb/lyon",
  "Denver Nuggets": "assets/logos/tsdb/denver-nuggets",
  "Auxerre": "assets/logos/tsdb/auxerre",
  "Fc Dallas": "assets/logos/tsdb/fc-dallas",
  "Crystal Palace": "assets/logos/tsdb/crystal-palace",
  "Boston Bruins": "assets/logos/tsdb/boston-bruins",
  "Atlanta Hawks": "assets/logos/tsdb/atlanta-hawks",
  "Marseille": "assets/logos/tsdb/marseille",
  "Everton": "assets/logos/tsdb/everton",
  "Fc Heidenheim": "assets/logos/tsdb/fc-heidenheim",
  "Getafe": "assets/logos/tsdb/getafe",
  "Brighton And Hove Albion": "assets/logos/tsdb/brighton-and-hove-albion",
  "Freiburg": "assets/logos/tsdb/freiburg",
  "Fc Augsburg": "assets/logos/tsdb/fc-augsburg",
  "Chicago Blackhawks": "assets/logos/tsdb/chicago-blackhawks",
  "Colorado Avalanche": "assets/logos/tsdb/colorado-avalanche",
  "Espanyol": "assets/logos/tsdb/espanyol",
  "Glasgow Hawks": "assets/logos/tsdb/glasgow-hawks",
  "Cagliari": "assets/logos/tsdb/cagliari",
  "Boston Celtics": "assets/logos/tsdb/boston-celtics",
  "Blackburn Rovers": "assets/logos/tsdb/blackburn-rovers",
  "Leicester City": "assets/logos/tsdb/leicester-city",
  "Levante": "assets/logos/tsdb/levante",
  "Derby County": "assets/logos/tsdb/derby-county",
  "Colorado Rapids": "assets/logos/tsdb/colorado-rapids",
  "Como": "assets/logos/tsdb/como",
  "Detroit Pistons": "assets/logos/tsdb/detroit-pistons",
  "Boston Red Sox": "assets/logos/tsdb/boston-red-sox",
  "Baltimore Ravens": "assets/logos/tsdb/baltimore-ravens",
  "Metz": "assets/logos/tsdb/metz",
  "Denver Broncos": "assets/logos/tsdb/denver-broncos",
  "Fiorentina": "assets/logos/tsdb/fiorentina",
  "Lille": "assets/logos/tsdb/lille",
  "Birmingham City": "assets/logos/tsdb/birmingham-city",
  "Brooklyn Nets": "assets/logos/tsdb/brooklyn-nets",
  "Hull City": "assets/logos/tsdb/hull-city",
  "Celta Vigo": "assets/logos/tsdb/celta-vigo",
  "Le Havre": "assets/logos/tsdb/le-havre",
  "Chelsea": "assets/logos/tsdb/chelsea",
  "Barcelona": "assets/logos/tsdb/barcelona",
  "Atlanta United": "assets/logos/tsdb/atlanta-united",
  "Glasgow Hutchesons Aloysians": "assets/logos/tsdb/glasgow-hutchesons-aloysians",
  "Brentford": "assets/logos/tsdb/brentford",
  "Golden State Warriors": "assets/logos/tsdb/golden-state-warriors",
  "Chicago Fire": "assets/logos/tsdb/chicago-fire",
  "Austin Fc": "assets/logos/tsdb/austin-fc",
  "Cleveland Browns": "assets/logos/tsdb/cleveland-browns",
  "Brest": "assets/logos/tsdb/brest",
  "Arizona Cardinals": "assets/logos/tsdb/arizona-cardinals",
  "Atlanta Braves": "assets/logos/tsdb/atlanta-braves"
}