{
  "augsburg": "Bundesliga",
  "union-berlin": "Bundesliga",
  "werder-bremen": "Bundesliga",
  "borussia-dortmund": "Bundesliga",
  "eintracht-frankfurt": "Bundesliga",
  "freiburg": "Bundesliga",
  "hamburg": "Bundesliga",
  "heidenheim": "Bundesliga",
  "hoffenheim": "Bundesliga",
  "fc-koln": "Bundesliga",
  "rb-leipzig": "Bundesliga",
  "bayer-leverkusen": "Bundesliga",
  "mainz-05": "Bundesliga",
  "borussia-monchengladbach": "Bundesliga",
  "bayern-munich": "Bundesliga",
  "st-pauli": "Bundesliga",
  "stuttgart": "Bundesliga",
  "wolfsburg": "Bundesliga",
  "birmingham-city": "Championship",
  "blackburn-rovers": "Championship",
  "bristol-city": "Championship",
  "charlton-athletic": "Championship",
  "coventry-city": "Championship",
  "derby-county": "Championship",
  "hull-city": "Championship",
  "middlesbrough": "Championship",
  "millwall": "Championship",
  "norwich-city": "Championship",
  "oxford-united": "Championship",
  "portsmouth": "Championship",
  "preston-north-end": "Championship",
  "queens-park-rangers": "Championship",
  "sheffield-united": "Championship",
  "sheffield-wednesday": "Championship",
  "stoke-city": "Championship",
  "swansea-city": "Championship",
  "watford": "Championship",
  "west-bromwich-albion": "Championship",
  "wrexham": "Championship",
  "afc-wimbledon": "EFL League One",
  "barnsley": "EFL League One",
  "blackpool": "EFL League One",
  "bolton-wanderers": "EFL League One",
  "bradford-city": "EFL League One",
  "burton-albion": "EFL League One",
  "cardiff-city": "EFL League One",
  "doncaster-rovers": "EFL League One",
  "exeter-city": "EFL League One",
  "huddersfield-town": "EFL League One",
  "leyton-orient": "EFL League One",
  "lincoln-city": "EFL League One",
  "luton-town": "EFL League One",
  "mansfield-town": "EFL League One",
  "northampton-town": "EFL League One",
  "peterborough-united": "EFL League One",
  "plymouth-argyle": "EFL League One",
  "port-vale": "EFL League One",
  "reading": "EFL League One",
  "rotherham-united": "EFL League One",
  "stevenage": "EFL League One",
  "stockport-county": "EFL League One",
  "wigan-athletic": "EFL League One",
  "wycombe-wanderers": "EFL League One",
  "accrington-stanley": "EFL League Two",
  "barnet": "EFL League Two",
  "barrow": "EFL League Two",
  "bristol-rovers": "EFL League Two",
  "bromley": "EFL League Two",
  "cambridge-united": "EFL League Two",
  "cheltenham-town": "EFL League Two",
  "chesterfield": "EFL League Two",
  "colchester-united": "EFL League Two",
  "crawley-town": "EFL League Two",
  "crewe-alexandra": "EFL League Two",
  "fleetwood-town": "EFL League Two",
  "gillingham": "EFL League Two",
  "grimsby-town": "EFL League Two",
  "harrogate-town": "EFL League Two",
  "mk-dons": "EFL League Two",
  "newport-county": "EFL League Two",
  "notts-county": "EFL League Two",
  "oldham-athletic": "EFL League Two",
  "salford-city": "EFL League Two",
  "shrewsbury-town": "EFL League Two",
  "swindon-town": "EFL League Two",
  "tranmere-rovers": "EFL League Two",
  "walsall": "EFL League Two",
  "arizona-diamondbacks": "MLB",
  "athletics": "MLB",
  "atlanta-braves": "MLB",
  "baltimore-orioles": "MLB",
  "boston-red-sox": "MLB",
  "chicago-cubs": "MLB",
  "chicago-white-sox": "MLB",
  "cincinnati-reds": "MLB",
  "cleveland-guardians": "MLB",
  "colorado-rockies": "MLB",
  "detroit-tigers": "MLB",
  "houston-astros": "MLB",
  "kansas-city-royals": "MLB",
  "los-angeles-angels": "MLB",
  "los-angeles-dodgers": "MLB",
  "miami-marlins": "MLB",
  "milwaukee-brewers": "MLB",
  "minnesota-twins": "MLB",
  "new-york-mets": "MLB",
  "new-york-yankees": "MLB",
  "philadelphia-phillies": "MLB",
  "pittsburgh-pirates": "MLB",
  "san-diego-padres": "MLB",
  "san-francisco-giants": "MLB",
  "seattle-mariners": "MLB",
  "st-louis-cardinals": "MLB",
  "tampa-bay-rays": "MLB",
  "texas-rangers": "MLB",
  "toronto-blue-jays": "MLB",
  "washington-nationals": "MLB",
  "atlanta-united": "MLS",
  "austin-fc": "MLS",
  "charlotte-fc": "MLS",
  "chicago-fire": "MLS",
  "fc-cincinnati": "MLS",
  "colorado-rapids": "MLS",
  "columbus-crew": "MLS",
  "dc-united": "MLS",
  "fc-dallas": "MLS",
  "houston-dynamo": "MLS",
  "inter-miami": "MLS",
  "la-galaxy": "MLS",
  "lafc": "MLS",
  "minnesota-united": "MLS",
  "cf-montreal": "MLS",
  "nashville-sc": "MLS",
  "new-england-revolution": "MLS",
  "new-york-city-fc": "MLS",
  "new-york-red-bulls": "MLS",
  "orlando-city": "MLS",
  "philadelphia-union": "MLS",
  "portland-timbers": "MLS",
  "real-salt-lake": "MLS",
  "san-diego-fc": "MLS",
  "san-jose-earthquakes": "MLS",
  "seattle-sounders": "MLS",
  "sporting-kansas-city": "MLS",
  "st-louis-city": "MLS",
  "toronto-fc": "MLS",
  "vancouver-whitecaps": "MLS",
  "anthem-rc": "Major League Rugby",
  "chicago-hounds": "Major League Rugby",
  "houston-sabercats": "Major League Rugby",
  "miami-sharks": "Major League Rugby",
  "new-england-free-jacks": "Major League Rugby",
  "nola-gold": "Major League Rugby",
  "old-glory-dc": "Major League Rugby",
  "rfc-los-angeles": "Major League Rugby",
  "san-diego-legion": "Major League Rugby",
  "seattle-seawolves": "Major League Rugby",
  "utah-warriors": "Major League Rugby",
  "atlanta-hawks": "NBA",
  "boston-celtics": "NBA",
  "brooklyn-nets": "NBA",
  "charlotte-hornets": "NBA",
  "chicago-bulls": "NBA",
  "cleveland-cavaliers": "NBA",
  "dallas-mavericks": "NBA",
  "denver-nuggets": "NBA",
  "detroit-pistons": "NBA",
  "golden-state-warriors": "NBA",
  "houston-rockets": "NBA",
  "indiana-pacers": "NBA",
  "los-angeles-clippers": "NBA",
  "los-angeles-lakers": "NBA",
  "memphis-grizzlies": "NBA",
  "miami-heat": "NBA",
  "milwaukee-bucks": "NBA",
  "minnesota-timberwolves": "NBA",
  "new-orleans-pelicans": "NBA",
  "new-york-knicks": "NBA",
  "oklahoma-city-thunder": "NBA",
  "orlando-magic": "NBA",
  "philadelphia-76ers": "NBA",
  "phoenix-suns": "NBA",
  "portland-trail-blazers": "NBA",
  "sacramento-kings": "NBA",
  "san-antonio-spurs": "NBA",
  "toronto-raptors": "NBA",
  "utah-jazz": "NBA",
  "washington-wizards": "NBA",
  "arizona-cardinals": "NFL",
  "atlanta-falcons": "NFL",
  "baltimore-ravens": "NFL",
  "buffalo-bills": "NFL",
  "carolina-panthers": "NFL",
  "chicago-bears": "NFL",
  "cincinnati-bengals": "NFL",
  "cleveland-browns": "NFL",
  "dallas-cowboys": "NFL",
  "denver-broncos": "NFL",
  "detroit-lions": "NFL",
  "green-bay-packers": "NFL",
  "houston-texans": "NFL",
  "indianapolis-colts": "NFL",
  "jacksonville-jaguars": "NFL",
  "kansas-city-chiefs": "NFL",
  "las-vegas-raiders": "NFL",
  "los-angeles-chargers": "NFL",
  "los-angeles-rams": "NFL",
  "miami-dolphins": "NFL",
  "minnesota-vikings": "NFL",
  "new-england-patriots": "NFL",
  "new-orleans-saints": "NFL",
  "new-york-giants": "NFL",
  "new-york-jets": "NFL",
  "philadelphia-eagles": "NFL",
  "pittsburgh-steelers": "NFL",
  "san-francisco-49ers": "NFL",
  "seattle-seahawks": "NFL",
  "tampa-bay-buccaneers": "NFL",
  "tennessee-titans": "NFL",
  "washington-commanders": "NFL",
  "anaheim-ducks": "NHL",
  "boston-bruins": "NHL",
  "buffalo-sabres": "NHL",
  "calgary-flames": "NHL",
  "carolina-hurricanes": "NHL",
  "chicago-blackhawks": "NHL",
  "colorado-avalanche": "NHL",
  "columbus-blue-jackets": "NHL",
  "dallas-stars": "NHL",
  "detroit-red-wings": "NHL",
  "edmonton-oilers": "NHL",
  "florida-panthers": "NHL",
  "los-angeles-kings": "NHL",
  "minnesota-wild": "NHL",
  "montreal-canadiens": "NHL",
  "nashville-predators": "NHL",
  "new-jersey-devils": "NHL",
  "new-york-islanders": "NHL",
  "new-york-rangers": "NHL",
  "ottawa-senators": "NHL",
  "philadelphia-flyers": "NHL",
  "pittsburgh-penguins": "NHL",
  "san-jose-sharks": "NHL",
  "seattle-kraken": "NHL",
  "st-louis-blues": "NHL",
  "tampa-bay-lightning": "NHL",
  "toronto-maple-leafs": "NHL",
  "utah-mammoth": "NHL",
  "vancouver-canucks": "NHL",
  "vegas-golden-knights": "NHL",
  "washington-capitals": "NHL",
  "winnipeg-jets": "NHL",
  "angel-city-fc": "NWSL",
  "bay-fc": "NWSL",
  "chicago-stars-fc": "NWSL",
  "houston-dash": "NWSL",
  "kansas-city-current": "NWSL",
  "nj-ny-gotham-fc": "NWSL",
  "north-carolina-courage": "NWSL",
  "orlando-pride": "NWSL",
  "portland-thorns-fc": "NWSL",
  "racing-louisville-fc": "NWSL",
  "san-diego-wave-fc": "NWSL",
  "seattle-reign-fc": "NWSL",
  "utah-royals": "NWSL",
  "washington-spirit": "NWSL",
  "ipswich-town": "Premier League",
  "southampton": "Premier League",
  "bournemouth": "Premier League",
  "brentford": "Premier League",
  "crystal-palace": "Premier League",
  "fulham": "Premier League",
  "newcastle-united": "Premier League",
  "nottingham-forest": "Premier League",
  "wolverhampton-wanderers": "Premier League",
  "bath": "Premiership Rugby",
  "bristol-bears": "Premiership Rugby",
  "exeter-chiefs": "Premiership Rugby",
  "gloucester": "Premiership Rugby",
  "harlequins": "Premiership Rugby",
  "leicester-tigers": "Premiership Rugby",
  "newcastle-red-bulls": "Premiership Rugby",
  "northampton-saints": "Premiership Rugby",
  "sale-sharks": "Premiership Rugby",
  "saracens": "Premiership Rugby",
  "aberdeen": "Scottish Premiership",
  "celtic": "Scottish Premiership",
  "dundee": "Scottish Premiership",
  "dundee-united": "Scottish Premiership",
  "falkirk": "Scottish Premiership",
  "heart-of-midlothian": "Scottish Premiership",
  "hibernian": "Scottish Premiership",
  "kilmarnock": "Scottish Premiership",
  "livingston": "Scottish Premiership",
  "motherwell": "Scottish Premiership",
  "rangers": "Scottish Premiership",
  "st-mirren": "Scottish Premiership",
  "atalanta": "Serie A",
  "bologna": "Serie A",
  "cagliari": "Serie A",
  "como": "Serie A",
  "cremonese": "Serie A",
  "fiorentina": "Serie A",
  "genoa": "Serie A",
  "hellas-verona": "Serie A",
  "inter-milan": "Serie A",
  "juventus": "Serie A",
  "lazio": "Serie A",
  "lecce": "Serie A",
  "ac-milan": "Serie A",
  "napoli": "Serie A",
  "parma": "Serie A",
  "pisa": "Serie A",
  "roma": "Serie A",
  "sassuolo": "Serie A",
  "torino": "Serie A",
  "udinese": "Serie A",
  "castleford-tigers": "Super League",
  "catalans-dragons": "Super League",
  "huddersfield-giants": "Super League",
  "hull-fc": "Super League",
  "hull-kr": "Super League",
  "leeds-rhinos": "Super League",
  "leigh-leopards": "Super League",
  "salford-red-devils": "Super League",
  "st-helens": "Super League",
  "wakefield-trinity": "Super League",
  "warrington-wolves": "Super League",
  "wigan-warriors": "Super League",
  "birmingham-phoenix": "The Hundred",
  "london-spirit": "The Hundred",
  "manchester-originals": "The Hundred",
  "northern-superchargers": "The Hundred",
  "oval-invincibles": "The Hundred",
  "southern-brave": "The Hundred",
  "trent-rockets": "The Hundred",
  "welsh-fire": "The Hundred",
  "arlington-renegades": "UFL",
  "birmingham-stallions": "UFL",
  "dc-defenders": "UFL",
  "houston-roughnecks": "UFL",
  "memphis-showboats": "UFL",
  "michigan-panthers": "UFL",
  "san-antonio-brahmas": "UFL",
  "st-louis-battlehawks": "UFL",
  "atlanta-dream": "WNBA",
  "chicago-sky": "WNBA",
  "connecticut-sun": "WNBA",
  "dallas-wings": "WNBA",
  "golden-state-valkyries": "WNBA",
  "indiana-fever": "WNBA",
  "las-vegas-aces": "WNBA",
  "los-angeles-sparks": "WNBA",
  "minnesota-lynx": "WNBA",
  "new-york-liberty": "WNBA",
  "phoenix-mercury": "WNBA",
  "seattle-storm": "WNBA",
  "washington-mystics": "WNBA",
  "leicester-city": "Women's Super League",
  "arsenal": "Women's Super League",
  "aston-villa": "Women's Super League",
  "brighton-and-hove-albion": "Women's Super League",
  "chelsea": "Women's Super League",
  "everton": "Women's Super League",
  "liverpool": "Women's Super League",
  "manchester-city": "Women's Super League",
  "manchester-united": "Women's Super League",
  "tottenham-hotspur": "Women's Super League",
  "west-ham-united": "Women's Super League",
  "london-city-lionesses": "Women's Super League"
}